{
    "loss": 32.254188537597656,
    "accuracy": 0.3866666555404663
}